{
  "shape": [
    100000,
    60530
  ],
  "nnz": 210581850,
  "peak_mem": 13245905523,
  "times": {
    "start": 0.037172778000240214,
    "open": 0.9721598510004696,
    "read": 55.82095927999944,
    "indexers": 0.01091175199871941,
    "indexing": 0.19064683299984608,
    "data": 0.573998814999868,
    "tbl": 0.005123742001160281,
    "csr": 0.00013264100016385783
  }
}