{
  "shape": [
    100000,
    60530
  ],
  "nnz": 210581850,
  "peak_mem": 9470890510,
  "times": {
    "start": 0.021684600998923997,
    "open": 0.9525159449985949,
    "indexers": 0.010432031000163988,
    "read": 1.6364558280001802,
    "read-tbl-0": 43.40594842199971,
    "indexing-0": 0.3243073430003278,
    "new-tbl-0": 0.007213815999421058,
    "read-tbl-1": 11.451552058000743,
    "indexing-1": 0.1843086509998102,
    "new-tbl-1": 0.0003853049984172685,
    "read-tbl-2": 0.0003443340010562679,
    "CompressedMatrix": 0.6055832189995272,
    "csr": 0.00010745100007625297
  },
  "total_time": 58.60083900399695,
  "bytes_per_nz": 44.97486611500469
}