{
  "shape": [
    100000,
    60530
  ],
  "nnz": 210581850,
  "peak_mem": 10557740022,
  "times": {
    "start": 0.037913965999905486,
    "open": 1.0665640830011398,
    "read": 1.6593610669988266,
    "indexers": 0.010508348001167178,
    "read-tbl-0": 46.22191261599983,
    "indexing-0": 0.13046448000022792,
    "data-0": 0.00019604299995990004,
    "new-tbl-0": 0.014310044000012567,
    "read-tbl-1": 11.539254109000467,
    "indexing-1": 0.05967384199902881,
    "data-1": 8.380999861401506e-05,
    "new-tbl-1": 0.00032094400012283586,
    "read-tbl-2": 0.0003777049987547798,
    "CompressedMatrix": 0.7185440400007792,
    "csr": 0.00011629099935817067
  },
  "total_time": 61.45960138799819,
  "bytes_per_nz": 50.13603984388968
}