{
  "shape": [
    20000,
    60530
  ],
  "nnz": 46447704,
  "peak_mem": 5290894747,
  "times": {
    "start": 0.026312714000596316,
    "open": 0.929795665999336
  }
}