{
  "shape": [
    40000,
    60530
  ],
  "nnz": 92832399,
  "peak_mem": 5658056698,
  "times": {
    "start": 0.017998145000092336,
    "open": 0.9671061249991908,
    "indexers": 0.00817589599864732,
    "read": 1.0321921329996258,
    "read-tbl-0": 27.759311173000242,
    "indexing-0": 0.23274725200099056,
    "new-tbl-0": 0.006339374000162934,
    "read-tbl-1": 0.00028957299946341664,
    "CompressedMatrix": 0.31718857399937406,
    "csr": 0.0001039809994836105
  },
  "total_time": 30.341452225997273,
  "bytes_per_nz": 60.94915954935087
}