{
  "shape": [
    40000,
    60530
  ],
  "nnz": 92832399,
  "peak_mem": 6340625167,
  "times": {
    "start": 0.027751708999858238,
    "open": 0.9208982050004124,
    "read": 28.36236764500063,
    "indexers": 0.007819013999323943,
    "indexing": 0.0724550070008263,
    "data": 0.00014660200031357817,
    "tbl": 0.004842077998546301,
    "csr": 9.759099884831812e-05
  }
}