{
  "shape": [
    80000,
    60530
  ],
  "nnz": 179431081,
  "peak_mem": 12438899270,
  "times": {
    "start": 0.03266848100065545,
    "open": 1.016824110000016,
    "read": 51.275094542999796,
    "indexers": 0.009510403999229311,
    "indexing": 0.13990297400050622,
    "data": 0.4905777019994275,
    "tbl": 0.004978270000719931,
    "csr": 0.00010296100117557216
  }
}