{
  "shape": [
    100000,
    60530
  ],
  "nnz": 210581850,
  "peak_mem": 18386535702,
  "times": {
    "start": 0.02126873199813417,
    "open": 0.8018839269971068,
    "read": 58.863182076001976,
    "maps": 101.99615716300104,
    "csr": 31.248800368000957
  }
}