{
  "shape": [
    100000,
    60530
  ],
  "nnz": 210581850,
  "peak_mem": 18387584284,
  "times": {
    "start": 0.037449340999955893,
    "open": 0.959229639998739,
    "read": 57.49153828599992,
    "maps": 102.12372284499907,
    "csr": 30.52492646599967
  }
}