{
  "shape": [
    10000,
    60530
  ],
  "nnz": 24588046,
  "peak_mem": 4903466230,
  "times": {
    "start": 1.0026875290004682,
    "opened": 13.453209892000814,
    "read": 0.00033171699942613486,
    "closed": 0.00015544199959549587,
    "cols": 12.115404161000697,
    "maps": 3.552978236999479
  }
}