{
  "shape": [
    1000,
    60530
  ],
  "nnz": 2715477,
  "peak_mem": 4194469096,
  "times": {
    "start": 0.8066345630013529,
    "opened": 8.151862534999964,
    "read": 0.0002610649989946978,
    "closed": 0.00013963299898023251,
    "cols": 1.331784232001155,
    "maps": 0.38951350299976184
  }
}