{
  "shape": [
    20000,
    60530
  ],
  "nnz": 46447704,
  "peak_mem": 5672173347,
  "times": {
    "start": 0.0267639430003328,
    "open": 0.9842081980004878,
    "read": 17.10014318299909,
    "maps": 22.40188167300039,
    "csr": 6.5807459660009044
  }
}