{
  "shape": [
    20000,
    60530
  ],
  "nnz": 46447704,
  "peak_mem": 6603024754,
  "times": {
    "start": 0.018685490998905152,
    "open": 0.9943617589997302,
    "read": 0.007995089999894844,
    "csrs": 19.174842683998577,
    "close": 0.00033732699739630334,
    "csr": 0.05142344200066873
  }
}