{
  "shape": [
    20000,
    60530
  ],
  "nnz": 46447704,
  "peak_mem": 5672173171,
  "times": {
    "start": 0.017561603999638464,
    "open": 1.0576864880003995,
    "read": 21.26353440499952,
    "close": 0.00034528600008343346,
    "cols": 0.00018537300093157683,
    "maps": 22.377508083000066,
    "csr": 6.659265698999661
  }
}