{
  "shape": [
    20000,
    60530
  ],
  "nnz": 46447704,
  "peak_mem": 5675409995,
  "times": {
    "start": 0.01770860099895799,
    "open": 1.18000687499989,
    "read": 20.920314316999793,
    "close": 0.00035075699997833,
    "cols": 0.00016424299974460155,
    "maps": 22.516632419001326,
    "csr": 6.537146295000639
  }
}