{
  "shape": [
    40000,
    60530
  ],
  "nnz": 92832399,
  "peak_mem": 7329825994,
  "times": {
    "start": 0.015952646001096582,
    "open": 0.8751778519999789,
    "read": 28.914646643001106,
    "close": 0.0004580690001603216,
    "cols": 0.00029869500031054486,
    "maps": 44.91930804899857,
    "csr": 13.496834468000088
  }
}