{
  "shape": [
    40000,
    60530
  ],
  "nnz": 92832399,
  "peak_mem": 7330874831,
  "times": {
    "start": 0.02732786100023077,
    "open": 0.9468179019986565,
    "read": 28.86256468600004,
    "maps": 44.78946244100007,
    "csr": 13.522916988000361
  }
}