{
  "shape": [
    40000,
    60530
  ],
  "nnz": 92832399,
  "peak_mem": 7329826592,
  "times": {
    "start": 0.018352759000208607,
    "open": 0.9407104590000017,
    "read": 29.505973295000103,
    "maps": 45.86779860299998,
    "csr": 13.481193649000033
  }
}