{
  "shape": [
    40000,
    60530
  ],
  "nnz": 92832399,
  "peak_mem": 7267595797,
  "times": {
    "start": 0.017404932999852463,
    "open": 1.249154193999857,
    "read": 22.85022327399929,
    "close": 0.00040844800059858244,
    "cols": 0.0002124639995599864,
    "maps": 45.07553376800024,
    "csr": 13.255153189000339
  }
}