{
  "shape": [
    40000,
    60530
  ],
  "nnz": 92832399,
  "peak_mem": 7334775197,
  "times": {
    "start": 0.018371041000136756,
    "open": 1.220849351000652,
    "read": 226.40925981299915,
    "close": 0.0004333380002208287,
    "cols": 0.00025266499869758263,
    "maps": 44.68068538999978,
    "csr": 13.467600713998763
  }
}