{
  "shape": [
    40000,
    60530
  ],
  "nnz": 92832399,
  "peak_mem": 7334731058,
  "times": {
    "start": 0.01870245699865336,
    "open": 1.3331669849994796,
    "read": 33.60306715099978,
    "close": 0.0004658090001612436,
    "cols": 0.00019360300029802602,
    "maps": 44.855754508000246,
    "csr": 13.287201595001534
  }
}