{
  "shape": [
    80000,
    60530
  ],
  "nnz": 179431081,
  "peak_mem": 16824301061,
  "times": {
    "start": 0.019221565999032464,
    "open": 0.917447458999959,
    "read": 51.988231506999,
    "close": 0.00035966699942946434,
    "cols": 2.1530752740000025,
    "maps": 87.0302591540003,
    "csr": 25.882129454999813
  }
}