{
  "shape": [
    80000,
    60530
  ],
  "nnz": 179431081,
  "peak_mem": 16892466954,
  "times": {
    "start": 0.03374157899997954,
    "open": 1.0342754929988587,
    "read": 53.13767859299878,
    "maps": 87.39955723100138,
    "csr": 26.58668268600013
  }
}