{
  "shape": [
    80000,
    60530
  ],
  "nnz": 179431081,
  "peak_mem": 17998691825,
  "times": {
    "start": 0.019584433001000434,
    "open": 0.8122899350018997,
    "read": 0.006946765999600757,
    "csrs": 61.96898276000138,
    "close": 0.000254023998422781,
    "csr": 0.18318766499942285
  }
}