{
  "shape": [
    80000,
    60530
  ],
  "nnz": 179431081,
  "peak_mem": 16824301340,
  "times": {
    "start": 0.018880758998420788,
    "open": 0.8907234979997156,
    "read": 52.36552418499923,
    "maps": 87.65398000699861,
    "csr": 26.582348233998346
  }
}