{
  "shape": [
    80000,
    60530
  ],
  "nnz": 179431081,
  "peak_mem": 16829205623,
  "times": {
    "start": 0.020754745999511215,
    "open": 1.2109623169999395,
    "read": 38.052444062001086,
    "close": 0.0003965380001318408,
    "cols": 2.630273122998915,
    "maps": 86.79516320100083,
    "csr": 26.231214286000977
  }
}