{
  "shape": [
    80000,
    60530
  ],
  "nnz": 179431081,
  "peak_mem": 16896343070,
  "times": {
    "start": 0.020200969000143232,
    "open": 1.3350266259985801,
    "read": 60.46152140800041,
    "close": 0.0005537399993045256,
    "cols": 1.9110139049989812,
    "maps": 87.20331433200045,
    "csr": 26.26261020000129
  }
}