{
  "shape": [
    80000,
    60530
  ],
  "nnz": 179431081,
  "peak_mem": 16829179377,
  "times": {
    "start": 0.020113186999878963,
    "open": 1.2265849439991143,
    "read": 31.958341120000114,
    "close": 0.00041511800009175204,
    "cols": 1.8935018610009138,
    "maps": 87.03726035200089,
    "csr": 26.913689012999384
  }
}