{
  "shape": [
    100000,
    60530
  ],
  "nnz": 210581850,
  "peak_mem": 18606092055,
  "times": {
    "start": 0.019829206001304556,
    "open": 0.9872961800028861,
    "read": 0.0076461150019895285,
    "csrs": 73.09367442700022,
    "close": 2.2700005501974374e-06,
    "csr": 0.22413205799966818
  }
}