{
  "shape": [
    80000,
    60530
  ],
  "nnz": 179431081,
  "peak_mem": 17931573991,
  "times": {
    "start": 0.019827601998258615,
    "open": 0.9761151249986142,
    "read": 0.009906785999191925,
    "csrs": 63.23672290000104,
    "close": 1.0599978850223124e-06,
    "csr": 0.18939662800039514
  }
}